 ,Area,Perim.,Major,Minor,Angle,Circ.,Feret,FeretX,FeretY,FeretAngle,MinFeret,AR,Round,Solidity
1,0.000495233,0.102520748,0.040490771,0.015572706,153.768184907,0.592101735,0.043354465,0.009186308,0.014049647,157.270267920,0.017687280,2.600111469,0.384598896,0.929060531
2,0.000128188,0.046385786,0.013820060,0.011809972,54.107261343,0.748666996,0.016470240,0.017291874,0.030801150,48.990913098,0.012971275,1.170202563,0.854552905,0.899590164
