 ,Area,Perim.,Major,Minor,Angle,Circ.,Feret,FeretX,FeretY,FeretAngle,MinFeret,AR,Round,Solidity
1,0.000098112,0.056297891,0.023884658,0.005230155,10.552292292,0.388999493,0.025437648,0.019453358,0.019453358,12.264773728,0.006403359,4.566721303,0.218975482,0.870466321
2,0.000108624,0.076004163,0.036173995,0.003823321,144.967324442,0.236299168,0.035372641,0.023776326,0.019453358,145.581635521,0.004843592,9.461407147,0.105692524,0.760736196
