 ,Area,Perim.,Major,Minor,Angle,Circ.,Feret,FeretX,FeretY,FeretAngle,MinFeret,AR,Round,Solidity
1,0.000068912,0.035524055,0.014802738,0.005927400,52.784665247,0.686216163,0.014266205,0.027558924,0.031881892,52.696051722,0.006272360,2.497340845,0.400425918,0.890566038
2,0.000007884,0.017445486,0.007918194,0.001267745,127.017925768,0.325530476,0.008440866,0.021614842,0.027018553,129.805571092,0.001844864,6.245888204,0.160105331,0.627906977
