 ,Area,Perim.,Major,Minor,Angle,Circ.,Feret,FeretX,FeretY,FeretAngle,MinFeret,AR,Round,Solidity
1,0.000231265,0.073557951,0.027657635,0.010646440,176.390930833,0.537105935,0.028352750,0.005944082,0.017291874,7.666804262,0.011865405,2.597829336,0.384936757,0.843899840
2,0.000038252,0.026276849,0.010991691,0.004430993,164.675367092,0.696175535,0.011639949,0.017832245,0.025937811,158.198590514,0.004863339,2.480638413,0.403122033,0.919298246
3,0.000245865,0.073263905,0.032407698,0.009659579,132.371472532,0.575606888,0.032105499,0.010807421,0.019453358,136.363927532,0.010093419,3.354980421,0.298064333,0.908306365
