 ,Area,Perim.,Major,Minor,Angle,Circ.,Feret,FeretX,FeretY,FeretAngle,MinFeret,AR,Round,Solidity
1,0.000015184,0.021953880,0.008850603,0.002184363,159.182278488,0.395890230,0.010152650,0.020534100,0.023776326,154.798876355,0.002901580,4.051801324,0.246803809,0.753623188
2,0.000039128,0.023482280,0.008104221,0.006147348,177.299975382,0.891699004,0.008388815,0.015670761,0.018372616,165.068582822,0.006484453,1.318328003,0.758536569,0.908474576
