 ,Area,Perim.,Major,Minor,Angle,Circ.,Feret,FeretX,FeretY,FeretAngle,MinFeret,AR,Round,Solidity
1,0.000000292,0.001528400,0.000609743,0.000609743,0.000000000,1.000000000,0.000764200,0.027018553,0.025937811,135.000000000,0.000540371,1.000000000,1.000000000,1.000000000
2,0.000034456,0.037848470,0.017130188,0.002561027,91.585154822,0.302259094,0.016786329,0.028099295,0.028639666,93.691385986,0.003770937,6.688796397,0.149503728,0.717325228
