 ,Area,Perim.,Major,Minor,Angle,Circ.,Feret,FeretX,FeretY,FeretAngle,MinFeret,AR,Round,Solidity
1,0.000148336,0.048045303,0.015990997,0.011810885,59.911142393,0.807524789,0.016646586,0.028639666,0.048633395,54.246112746,0.012136958,1.353920370,0.738595875,0.931255729
2,0.000118844,0.041746276,0.013670404,0.011068973,134.669884493,0.856944994,0.014600022,0.012968905,0.019453358,141.009005957,0.011463001,1.235020148,0.809703389,0.943221321
