 ,Area,Perim.,Major,Minor,Angle,Circ.,Feret,FeretX,FeretY,FeretAngle,MinFeret,AR,Round,Solidity
1,0.000029492,0.025010680,0.010464051,0.003588524,117.499818197,0.592467289,0.011126921,0.030801150,0.034583747,119.054604099,0.004350998,2.915976431,0.342938300,0.838174274
2,0.000077672,0.034235391,0.011501797,0.008598253,11.392740073,0.832769981,0.012322356,0.018912987,0.016211132,164.744881297,0.008888876,1.337690109,0.747557295,0.914089347
