 ,Area,Perim.,Major,Minor,Angle,Circ.,Feret,FeretX,FeretY,FeretAngle,MinFeret,AR,Round,Solidity
1,0.000006132,0.015392621,0.006944699,0.001124243,90.000000000,0.325228152,0.007045577,0.014049647,0.037825974,94.398705355,0.001080742,6.177222846,0.161885045,0.857142857
2,0.000075336,0.047281103,0.016188689,0.005925190,70.409688068,0.423485488,0.017266525,0.008645937,0.021614842,69.863696572,0.007066017,2.732180581,0.366008018,0.750000000
