 ,Area,Perim.,Major,Minor,Angle,Circ.,Feret,FeretX,FeretY,FeretAngle,MinFeret,AR,Round,Solidity
1,0.000040880,0.046516902,0.021087465,0.002468300,66.930876886,0.237410803,0.021288151,0.010267050,0.029180037,66.037511025,0.003127634,8.543315793,0.117050572,0.740740741
2,0.000084972,0.066078880,0.032156969,0.003364435,86.296924489,0.244546614,0.030971323,0.005944082,0.041068200,83.990994043,0.003782003,9.557910312,0.104625380,0.816269285
