 ,Area,Perim.,Major,Minor,Angle,Circ.,Feret,FeretX,FeretY,FeretAngle,MinFeret,AR,Round,Solidity
1,0.000190093,0.117967679,0.055364602,0.004371627,20.622962277,0.171652026,0.053888298,0.009726679,0.045931540,21.161259817,0.005238450,12.664530947,0.078960682,0.800245851
2,0.000057524,0.039693412,0.014614792,0.005011501,6.139754988,0.458799972,0.016786329,0.026478182,0.017832245,176.308614014,0.005944082,2.916250281,0.342906096,0.856521739
3,0.000061612,0.043460102,0.013281466,0.005906507,70.335832486,0.409916109,0.016924918,0.017291874,0.030801150,73.300755766,0.008374489,2.248615971,0.444718001,0.698675497
