 ,Area,Perim.,Major,Minor,Angle,Circ.,Feret,FeretX,FeretY,FeretAngle,MinFeret,AR,Round,Solidity
1,0.000012556,0.023613396,0.009884491,0.001617366,26.744843974,0.282973367,0.010874758,0.012968905,0.018912987,26.565051177,0.002162166,6.111472969,0.163626675,0.699186992
2,0.000025404,0.025141796,0.011039287,0.002930033,148.003852155,0.505034049,0.011690013,0.041608571,0.016211132,146.309932474,0.003452505,3.767632360,0.265418678,0.844660194
