 ,Area,Perim.,Major,Minor,Angle,Circ.,Feret,FeretX,FeretY,FeretAngle,MinFeret,AR,Round,Solidity
1,0.000268933,0.065043130,0.020167162,0.016978883,67.840746848,0.798823403,0.022391193,0.029180037,0.036204861,81.674349670,0.018005748,1.187779059,0.841907417,0.926559356
2,0.000226009,0.058558678,0.020575284,0.013985867,55.675873661,0.828232859,0.021377123,0.027018553,0.040527829,69.274441134,0.014522627,1.471148231,0.679741156,0.942178941
