 ,Area,Perim.,Major,Minor,Angle,Circ.,Feret,FeretX,FeretY,FeretAngle,MinFeret,AR,Round,Solidity
1,0.000438585,0.082117764,0.026109563,0.021387725,134.097835210,0.817315473,0.027916847,0.009726679,0.018372616,165.425783802,0.021006699,1.220773260,0.819152936,0.942579228
2,0.000323537,0.092554333,0.041636451,0.009893736,126.911253783,0.474613698,0.040961409,0.026478182,0.034043376,126.416378520,0.010233080,4.208364727,0.237621990,0.930701386
3,0.000339305,0.085785152,0.032202976,0.013415423,120.715630973,0.579396533,0.032869488,0.018912987,0.016211132,117.407575438,0.014355996,2.400444287,0.416589548,0.867487869
